Time,Label F,Label E,Label D,Label C,Label B,Label A
2020.0,1.0,1.0,1.0,1.0,1.0,1.0
2021.0,0.98931146,0.99304974,0.9974017,0.9976373,0.9996071,0.9999072
2022.0,0.97991115,0.9853742,0.99464786,0.994856,0.99916476,0.99980205
2023.0,0.9716448,0.97715646,0.99172765,0.9915599,0.99866575,0.99968284
2024.0,0.9643766,0.9695249,0.98862964,0.98762465,0.99810135,0.9995475
