Time,Natural Gas,Green Gas,LT Heating Grid,MT Heating Grid,HT Heating Grid,Air Heat Pump,Ground Heat Pump,Hybrid Heat Pump
2020.0,1.0,1.0,1.0,1.0,1.0,1.0,1.0,1.0
2021.0,1.0,0.99311745,0.99827135,0.9981727,1.0,0.9998808,0.99984556,0.9998959
2022.0,1.0,0.9851248,0.9959313,0.99571806,1.0,0.9997036,0.9996216,0.9997435
2023.0,1.0,0.97595,0.9929853,0.9927524,1.0,0.9993594,0.9992087,0.9994569
2024.0,1.0,0.96526295,0.9896473,0.98960763,1.0,0.9988934,0.99866885,0.9990776
